CATEGORY,SUBCATEGORY,NOM,REF,URL_IMAGE,DESCRIPTION,FORMAT,NET SOCOFRA,PUBLIC HT,GARAGE
ACCESSOIRES,,AUTOFLOR 5000 ML AGRUMIX DUAL 4 PCS,P0758,https://doomzyx.github.io/MAFRASHOP-IMG/AUTOFLOR.webp,Composition parfumée aux agrumes. Pour une utilisation dans les habitacles de véhicules et à l'intérieur. Pour les distributeurs de parfums ou de désinfectants dans les stations de lavage auto en libre-service,5000 ml,"12,95","40,46","23,54"
EXTERIEUR,,CAR WASH SHAMPOO e CERA DUAL 1000 ML 6 PCS,H0912,https://doomzyx.github.io/MAFRASHOP-IMG/,"Combinaison unique : associe l'action nettoyante d'un shampoing auto à la protection d'une cire, pour un résultat surprenant. Protection UV et anti-smog : dépose un film de cires synthétiques qui protège la voiture des embruns salés, des rayons UVA, des pluies acides dues au smog et de diverses impuretés. Effet anti-halo : parfait sur les peintures foncées et noires Effet auto-séchant : Écoulement d'eau facile pour un séchage rapide Brillance instantanée : une seule étape pour une propreté et une brillance éclatantes",1000 ml,"2,37","7,40","4,31"
EXTERIEUR,,CARLUX 250 ML 12 PZ,HC041,https://doomzyx.github.io/MAFRASHOP-IMG/carlux.webp,"Protection hydrofuge : crée un bouclier hydrofuge et hydrophobe sur la carrosserie, empêchant la saleté telle que la poussière et les impuretés de se déposer ; Effet « toucher soyeux » pour une surface lisse et soyeuse au toucher ; Réduit le temps de rinçage et de séchage après le lavage ; Brillance et profondeur de couleur accrues : notamment sur les voitures noires Il peut être utilisé sur tout type de peinture Application rapide et facile grâce au coussinet en microfibre Barrière imperméable et anticalcaire pour un rinçage facile Barrière anti-dépôts : laisse glisser la saleté et les polluants, cet effet résiste même à de nombreux lavages répétés.",250 ml,"2,80","8,75","5,09"
INTERIEUR,,CATENOIL SPRAY 500 ML 6 PZ,H0788,https://doomzyx.github.io/MAFRASHOP-IMG/catenoil.webp,"Graisse en aérosol ultra-résistante, super-lubrifiante et hautement adhésive Empêche la formation de rouille Forme un film lubrifiant et hydrofuge ultra-résistant Cela permet aux pièces soumises à des contraintes de fonctionner toujours à leur efficacité maximale. Forte adhérence : ne coule pas et ne sèche pas Empêche la formation de rouille Formule hautement concentrée pour une performance longue durée Crée un film résistant aux vitesses élevées, aux lavages chimiques, aux embruns salés et à la haute pression. Particulièrement adapté aux joints toriques Application rapide grâce au spray prêt à l'emploi",500 ml,"3,74","11,69","6,80"
KIT,,CHARME AUTO LEATHER CARE KIT (VALIGIA),KT017,https://doomzyx.github.io/MAFRASHOP-IMG/kit-charme.webp,"Triple action : hydrate , nourrit, nettoie et revitalise Idéal pour nettoyer les sièges et les housses de sièges en cuir. Redonne vie, éclat et brillance aux intérieurs en cuir usés et décolorés . Action hydratante anti-âge Préserve l'éclat et l'élasticité de la peau Dissout la saleté, même la plus tenace. Convient pour le nettoyage d'entretien du cuir neuf, les traitements intensifs tels qu'une restauration conservatrice ou un nettoyage exceptionnel. Redonne du tonus et de l'éclat aux peaux sèches et gercées au fil du temps. Application facile étape par étape : nettoyer, nourrir et hydrater sans effort Convient à tous les véhicules : voitures, camping-cars et cabriolets Kit comprenant : lessive Charme, soin nutritif Charme, soin hydratant Charme, gant, applicateur, lingette",,"20,84","65,13","37,89"
INTERIEUR,,CHARME DETERGENT AUTO SCHIUMA 150 ML 15 PZ,H0051,https://doomzyx.github.io/MAFRASHOP-IMG/charme150.webp,Formule neutre compatible avec tous les types et toutes les couleurs de peau Des ingrédients naturels à base de plantes pour un nettoyage efficace et doux Il agit en profondeur en dissolvant les saletés les plus tenaces. Effet longue durée pour des intérieurs propres pendant longtemps Convient aux traitements intensifs ou d'entretien,150 ml,"3,70","11,56","6,73"
INTERIEUR,,CHARME HYDRATING AUTO 150 ML 15 PZ,H0053,https://doomzyx.github.io/MAFRASHOP-IMG/charme400.webp,"Hydratation intense : nourrit en profondeur, redonne douceur et brillance aux sièges en cuir Formule naturelle : avec des émulsifiants d'origine naturelle et une forte concentration d'agents hydratants nourrissants. Action anti-âge : combat les gerçures et ralentit les signes du vieillissement. Il est recommandé de répéter le traitement 3 ou 4 fois par an. En été, intensifiez le traitement pour une action anti-UVA plus efficace. Application facile",150 ml,"3,45","10,78","6,27"
INTERIEUR,,CHARME NUTRIENT AUTO CREMA 150 ML 12PZ,H0050,https://doomzyx.github.io/MAFRASHOP-IMG/charm200.webp,"Pouvoir nourrissant maximal contre la sécheresse et les gerçures Redonne à la peau son teint et son éclat naturels. Formule enrichie en agents anti-âge pour une élasticité durable Réduit les signes typiques du vieillissement tels que les rides, la décoloration et le teint terne. L'utilisation régulière du produit contrecarre la détérioration due à l'utilisation quotidienne de la voiture. Application rapide et facile",150 ml,"4,16","12,99","7,56"
EXTERIEUR,,DAYTONA 4500 ML CART. 4 PZ DUAL,P0473,https://doomzyx.github.io/MAFRASHOP-IMG/daytona.webp,"Lave et polit en une seule opération ; Il laisse un film protecteur sur tous types de carrosseries ; Protection et brillance maximales, même sur les voitures qui ne sont pas neuves ; Elle conserve l'éclat des couleurs d'origine au fil du temps.",4500 ml,"9,69","30,28","17,62"
EXTERIEUR,,"DECA FLASH LIQUIDO 4,5 L.",P0499,https://doomzyx.github.io/MAFRASHOP-IMG/decaflash25kg.webp,"Efficacité immédiate : dissout le goudron et la colle en quelques secondes Résultats rapides et sans effort : résultats garantis en quelques secondes. Sûr : Sans danger pour une utilisation sur la peinture, le métal et le verre Élimine définitivement toute trace de goudron ou de colle de la carrosserie, même les résidus les plus tenaces. Prêt à l'emploi : application rapide Formule riche en ingrédients actifs respectueux de l'environnement",4500 ml,"4,75","14,84","8,64"
EXTERIEUR,,DECA FLASH SPRAY 250 ML 12 PZ,H0065,https://doomzyx.github.io/MAFRASHOP-IMG/decaflash400.webp,"Efficacité immédiate : dissout le goudron et la colle en quelques secondes Résultats rapides et sans effort : résultats garantis en quelques secondes. Sûr : Sans danger pour une utilisation sur la peinture, le métal et le verre Élimine définitivement toute trace de goudron ou de colle de la carrosserie, même les résidus les plus tenaces. Prêt à l'emploi : application rapide Formule riche en ingrédients actifs respectueux de l'environnement",250 ml,"2,05","6,41","3,73"
ACCESSOIRES,,DEO-CUBE APPLE 24 PCS,H0194,https://doomzyx.github.io/MAFRASHOP-IMG/deocubeapple.webp,"Design exclusif : forme cubique élégante et symbolique, synonyme d'harmonie et d'équilibre. Fabriqué avec des matériaux naturels : verre transparent et bouchon en bois Bouchon en bois : la structure poreuse du bois permet une diffusion lente, constante et naturelle du parfum Dure jusqu'à 45 jours : parfum intense mais équilibré, stable dans le temps. Intégration parfaite dans l'habitacle : un design minimaliste et moderne qui sublime l'intérieur de votre voiture.",5 ml,"1,16","3,62","2,11"
ACCESSOIRES,,DEO-CUBE FOREST 24 PCS,H0193,https://doomzyx.github.io/MAFRASHOP-IMG/deocubeforest.webp,"Design exclusif : forme cubique élégante et symbolique, synonyme d'harmonie et d'équilibre. Fabriqué avec des matériaux naturels : verre transparent et bouchon en bois Bouchon en bois : la structure poreuse du bois permet une diffusion lente, constante et naturelle du parfum Dure jusqu'à 45 jours : parfum intense mais équilibré, stable dans le temps. Intégration parfaite dans l'habitacle : un design minimaliste et moderne qui sublime l'intérieur de votre voiture.",5 ml,"1,16","3,62","2,11"
ACCESSOIRES,,DEO-CUBE OCEAN 24 PCS,H0197,https://doomzyx.github.io/MAFRASHOP-IMG/deocubeocean.webp,"Design exclusif : forme cubique élégante et symbolique, synonyme d'harmonie et d'équilibre. Fabriqué avec des matériaux naturels : verre transparent et bouchon en bois Bouchon en bois : la structure poreuse du bois permet une diffusion lente, constante et naturelle du parfum Dure jusqu'à 45 jours : parfum intense mais équilibré, stable dans le temps. Intégration parfaite dans l'habitacle : un design minimaliste et moderne qui sublime l'intérieur de votre voiture.",5 ml,"1,16","3,62","2,11"
ACCESSOIRES,,DEO-CUBE STRAWBERRY 24 PCS,H0198,https://doomzyx.github.io/MAFRASHOP-IMG/deocubestrawberry.webp,"Design exclusif : forme cubique élégante et symbolique, synonyme d'harmonie et d'équilibre. Fabriqué avec des matériaux naturels : verre transparent et bouchon en bois Bouchon en bois : la structure poreuse du bois permet une diffusion lente, constante et naturelle du parfum Dure jusqu'à 45 jours : parfum intense mais équilibré, stable dans le temps. Intégration parfaite dans l'habitacle : un design minimaliste et moderne qui sublime l'intérieur de votre voiture.",5 ml,"1,16","3,62","2,11"
ACCESSOIRES,,DEO-CUBE TROPICAL 24 PCS,H0195,https://doomzyx.github.io/MAFRASHOP-IMG/deocubetropical.webp,"Design exclusif : forme cubique élégante et symbolique, synonyme d'harmonie et d'équilibre. Fabriqué avec des matériaux naturels : verre transparent et bouchon en bois Bouchon en bois : la structure poreuse du bois permet une diffusion lente, constante et naturelle du parfum Dure jusqu'à 45 jours : parfum intense mais équilibré, stable dans le temps. Intégration parfaite dans l'habitacle : un design minimaliste et moderne qui sublime l'intérieur de votre voiture.",5 ml,"1,16","3,62","2,11"
ACCESSOIRES,,DEO-CUBE VANILLA 24 PCS,H0196,https://doomzyx.github.io/MAFRASHOP-IMG/deocubevanilla.webp,"Design exclusif : forme cubique élégante et symbolique, synonyme d'harmonie et d'équilibre. Fabriqué avec des matériaux naturels : verre transparent et bouchon en bois Bouchon en bois : la structure poreuse du bois permet une diffusion lente, constante et naturelle du parfum Dure jusqu'à 45 jours : parfum intense mais équilibré, stable dans le temps. Intégration parfaite dans l'habitacle : un design minimaliste et moderne qui sublime l'intérieur de votre voiture.",5 ml,"1,16","3,62","2,11"
INTERIEUR,,DIAMANT PLAST DRESSING PRO 250 ML 12 PZ,H0054,https://doomzyx.github.io/MAFRASHOP-IMG/diamantplastdressingprospray.webp,vernis protecteur Effet soie Barrière de protection efficace contre les rayons UVA,250 ml,"2,00","6,25","3,64"
INTERIEUR,,DIAMANTPLAST DRESSING PRO 4500 ML CART. 4 PZ DUAL,P0495,https://doomzyx.github.io/MAFRASHOP-IMG/diamantplastdressingpro4500.webp,"Rénove, polit et protège les plastiques intérieurs et extérieurs de la voiture ; Formule à base de cire de carnauba et de polymères synthétiques ; Finition brillante et uniforme ; Il ne graisse pas ; Formule anti-poussière ; Facile et rapide à utiliser",4500 ml,"19,21","60,03","34,92"
INTERIEUR,,DIAMANTPLAST DRESSING PRO 750 ML 12 PZ DUAL,H1155,https://doomzyx.github.io/MAFRASHOP-IMG/diamantplastdressingpro.webp,"Rénove, polit et protège les plastiques intérieurs et extérieurs de la voiture ; Formule à base de cire de carnauba et de polymères synthétiques ; Finition brillante et uniforme ; Il ne graisse pas ; Formule anti-poussière ; Facile et rapide à utiliser.",750 ml,"3,23","10,09","5,87"
INTERIEUR,,DIAMANTPLAST LIQUIDO 5 LT on demand 20/25 days,PE084,https://doomzyx.github.io/MAFRASHOP-IMG/diamantplastdressingpro4500.webp,Effet ultra-brillant longue durée Action protectrice qui renouvelle le tableau de bord Ravive la couleur des pièces en plastique décolorées par le soleil Formule avec filtre UVA pour protéger les plastiques Il n'est pas gras et ne laisse pas de traces. Parfum délicat de poudre de talc,5 KG,"4,66","14,56","8,47"
INTERIEUR,,DIAMANTPLAST SATIN LIQUIDO 5 L. on demand,P0350,https://doomzyx.github.io/MAFRASHOP-IMG/diamantplastsatin400.webp,Finition mate et effet satiné Protège et régénère les parties traitées Laisse la surface lisse au toucher Effet antistatique et anti-UV pour une protection longue durée Formule sans silicone pour un résultat naturel Application rapide et facile en quelques secondes Parfum de fleur glacée,5 L,"4,42","13,82","8,04"
INTERIEUR,,DIAMANTPLAST SATIN S/S SPRAY 500 ML 24*PZ,H0052,https://doomzyx.github.io/MAFRASHOP-IMG/diamantplastsatin400.webp,Finition mate et effet satiné Protège et régénère les parties traitées Laisse la surface lisse au toucher Effet antistatique et anti-UV pour une protection longue durée Formule sans silicone pour un résultat naturel Application rapide et facile en quelques secondes Parfum de fleur glacée,500 ml,"2,53","7,89","4,59"
INTERIEUR,,DIAMANTPLAST SHINE SPRAY 500 ML 24 PZ,H0049,https://doomzyx.github.io/MAFRASHOP-IMG/Diamantplast_shine.webp,Effet ultra-brillant longue durée Action protectrice qui renouvelle le tableau de bord Ravive la couleur des pièces en plastique décolorées par le soleil Formule avec filtre UVA pour protéger les plastiques Il n'est pas gras et ne laisse pas de traces. Parfum délicat de poudre de talc,500 ml,"2,40","7,50","4,36"
ACCESSOIRES,,FANTASIE DI ELISIR BLUE OCEAN 500 ML 6 PCS,H0747,https://doomzyx.github.io/MAFRASHOP-IMG/FEBLUE.webp,"Née d'une refonte complète d'un classique Ma-Fra , désormais encore plus élégante, contemporaine et séduisante Un nouvel emballage raffiné , qui met en valeur l'esthétique du produit et souligne sa haute qualité. Disponible en 6 parfums exclusifs format 500 ml Formule concentrée aux huiles essentielles pures pour un parfum intense et persistant Des parfums inspirés par la haute parfumerie Conçu pour durer longtemps même avec seulement quelques pulvérisations. Idéal pour la voiture, la maison, le bureau, l'hôtel et la salle d'exposition",500 ml,"4,94","15,44","8,98"
ACCESSOIRES,,FANTASIE DI ELISIR FRESH LIME 500 ML 6 PCS,H0745,https://doomzyx.github.io/MAFRASHOP-IMG/FEFRESHLIME.webp,"Née d'une refonte complète d'un classique Ma-Fra , désormais encore plus élégante, contemporaine et séduisante Un nouvel emballage raffiné , qui met en valeur l'esthétique du produit et souligne sa haute qualité. Disponible en 6 parfums exclusifs format 500 ml Formule concentrée aux huiles essentielles pures pour un parfum intense et persistant Des parfums inspirés par la haute parfumerie Conçu pour durer longtemps même avec seulement quelques pulvérisations. Idéal pour la voiture, la maison, le bureau, l'hôtel et la salle d'exposition",500 ml,"4,94","15,44","8,98"
ACCESSOIRES,,FANTASIE DI ELISIR ICE FOREST 500 ML 6 PCS,H1043,https://doomzyx.github.io/MAFRASHOP-IMG/FEICEFOREST.webp,"Née d'une refonte complète d'un classique Ma-Fra , désormais encore plus élégante, contemporaine et séduisante Un nouvel emballage raffiné , qui met en valeur l'esthétique du produit et souligne sa haute qualité. Disponible en 6 parfums exclusifs format 500 ml Formule concentrée aux huiles essentielles pures pour un parfum intense et persistant Des parfums inspirés par la haute parfumerie Conçu pour durer longtemps même avec seulement quelques pulvérisations. Idéal pour la voiture, la maison, le bureau, l'hôtel et la salle d'exposition",500 ml,"4,94","15,44","8,98"
ACCESSOIRES,,FANTASIE DI ELISIR IRIS BLOOM 500 ML 6 PCS,H0749,https://doomzyx.github.io/MAFRASHOP-IMG/FEIRISBLOOM.webp,"Née d'une refonte complète d'un classique Ma-Fra , désormais encore plus élégante, contemporaine et séduisante Un nouvel emballage raffiné , qui met en valeur l'esthétique du produit et souligne sa haute qualité. Disponible en 6 parfums exclusifs format 500 ml Formule concentrée aux huiles essentielles pures pour un parfum intense et persistant Des parfums inspirés par la haute parfumerie Conçu pour durer longtemps même avec seulement quelques pulvérisations. Idéal pour la voiture, la maison, le bureau, l'hôtel et la salle d'exposition",500 ml,"4,94","15,44","8,98"
ACCESSOIRES,,FANTASIE DI ELISIR ORIENTAL SPA 500 ML 6 PCS,H0743,https://doomzyx.github.io/MAFRASHOP-IMG/FEORIENTAL.webp,"Née d'une refonte complète d'un classique Ma-Fra , désormais encore plus élégante, contemporaine et séduisante Un nouvel emballage raffiné , qui met en valeur l'esthétique du produit et souligne sa haute qualité. Disponible en 6 parfums exclusifs format 500 ml Formule concentrée aux huiles essentielles pures pour un parfum intense et persistant Des parfums inspirés par la haute parfumerie Conçu pour durer longtemps même avec seulement quelques pulvérisations. Idéal pour la voiture, la maison, le bureau, l'hôtel et la salle d'exposition",500 ml,"4,94","15,44","8,98"
ACCESSOIRES,,FANTASIE DI ELISIR RELAX SENSATION 500 ML 6 PCS,H1042,https://doomzyx.github.io/MAFRASHOP-IMG/FERELAX.webp,"Née d'une refonte complète d'un classique Ma-Fra , désormais encore plus élégante, contemporaine et séduisante Un nouvel emballage raffiné , qui met en valeur l'esthétique du produit et souligne sa haute qualité. Disponible en 6 parfums exclusifs format 500 ml Formule concentrée aux huiles essentielles pures pour un parfum intense et persistant Des parfums inspirés par la haute parfumerie Conçu pour durer longtemps même avec seulement quelques pulvérisations. Idéal pour la voiture, la maison, le bureau, l'hôtel et la salle d'exposition",500 ml,"4,94","15,44","8,98"
INTERIEUR,,FASPOILER SPRAY 300 ML 12 PZ,HN085,https://doomzyx.github.io/MAFRASHOP-IMG/faspoiler.webp,"Application instantanée : spray facile à utiliser sur les pare-chocs, les ailerons et les fascias Prise instantanée Polit et protège : crée un voile brillant, transparent et protecteur qui régénère les surfaces Résistance aux UV : protège les plastiques de la décoloration et du vieillissement Renouveler sans graisser Riche en substances précieuses et en nutriments à base de polymères Il résiste aux effets de l'eau chaude ou froide, du soleil et de la poussière au fil du temps",300 ml,"1,95","6,09","3,54"
EXTERIEUR,,"FAST & BLACK LIQUIDO 4,5 L. MULTILINGUE",P0498,https://doomzyx.github.io/MAFRASHOP-IMG/fast&black.webp,"Effet revitalisant immédiat : redonne au noir d'origine sans graisser Protection contre la fissuration causée par les agents atmosphériques Convient à tout type de pneu Résistant : barrière qui dure jusqu'à 3 lavages Application rapide : spray pratique, sèche en quelques minutes Antistatique : repousse la saleté et améliore la propreté Multiusage : application rapide et pratique sur les pneus et les tapis en caoutchouc Parfum agréable : dégage un arôme frais et propre",4500 ml,"4,95","15,46","8,99"
EXTERIEUR,,FAST CLEANER 3in1 DUAL 500 ML 6 PCS/QUICK DETAILER,H0853,https://doomzyx.github.io/MAFRASHOP-IMG/fastcleaner3en1.webp,"Nettoyage rapide des saletés fraîches , des insectes et du guano sans utiliser d'eau Accessoire de séchage pour voiture : facilite le glissement du chiffon de séchage en évitant la formation de traces et de bavures. Lubrifiant professionnel pour pâte à polir : garantit une lubrification optimale pour la décontamination mécanique à la pâte à polir en toute sécurité Élimine le calcaire et les taches d'eau après lavage pour une finition parfaite Protection antistatique et couche soyeuse qui repousse la poussière et la saleté Polyvalent : il peut être appliqué sur la carrosserie, le verre et d'autres surfaces, garantissant des résultats rapides et sûrs. Convient à toutes les occasions : de la préparation avant l'événement à la finition après le lavage de voiture",300 ml,"2,11","6,59","3,84"
EXTERIEUR,,FAST E BLACK SPRAY 500 ML 12*PZ ovest,H0283,https://doomzyx.github.io/MAFRASHOP-IMG/fast&black400.webp,"Effet revitalisant immédiat : redonne au noir d'origine sans graisser Protection contre la fissuration causée par les agents atmosphériques Convient à tout type de pneu Résistant : barrière qui dure jusqu'à 3 lavages Application rapide : spray pratique, sèche en quelques minutes Antistatique : repousse la saleté et améliore la propreté Multiusage : application rapide et pratique sur les pneus et les tapis en caoutchouc Parfum agréable : dégage un arôme frais et propre",500 ml,"2,60","8,13","4,73"
INTERIEUR,,FLASH 400ML,H0544,https://doomzyx.github.io/MAFRASHOP-IMG/flash.webp,"Formule innovante à action sèche , éliminant la saleté et les taches tenaces. Effet anti-odeurs : Neutralise les odeurs d'animaux, de nourriture et de fumée Brosse ergonomique bi-composante pour une douceur et une résistance optimales Distributeur de précision pour une application ciblée sans gaspillage Idéal pour éliminer les taches sur : sièges de voiture, tapis, tous types de tissus d'ameublement, tissus, velours et Alcantara.",400 ml,"2,31","7,22","4,20"
KIT,,FLASH BRIGHT KIT+SPUGNA BOOSTER 80 ML 6 PCS,H0515,https://doomzyx.github.io/MAFRASHOP-IMG/kit-polish-express.webp,"Élimine les petites rayures et l'oxydation légère du chrome, de l'acier, du laiton et des alliages. Assure une brillance profonde et durable Protection anticorrosion et UVA Ne laisse pas de traces grasses Le paquet contient : un flacon de 80 ml de produit et l’éponge Booster Éponge Booster : adhérence exceptionnelle aux surfaces, facilite le travail et améliore la brillance.",80 ml,"4,70","14,69","8,54"
ACCESSOIRES,,Gant Double Face,A0247,https://doomzyx.github.io/MAFRASHOP-IMG/gant_double_face.webp,Microfibre haute densité pour une délicatesse maximale de la peinture Double face spéciale pour les saletés fines et grossières Grand format 30 x 20 cm pour couvrir de grandes surfaces Absorption importante d'eau/shampoing Utilisable à sec comme gant pour sécher la carrosserie Permet d'enlever la poussière sans risque de rayures Technologie autonettoyante facile : la microfibre retient la saleté pendant le lavage et l'élimine au rinçage Manchette élastique pour une prise en main ferme et un contrôle optimal,,"2,47","7,72","4,49"
INTERIEUR / EXTERIEUR,,GLASS CLEAN e SHINE SPRAY 500 ML 6 PZ OVEST,H0791,https://doomzyx.github.io/MAFRASHOP-IMG/glassclean&shine.webp,"Mousse puissante et adhérente, éliminant sans effort le smog et la poussière. Sans traces : formule sans ammoniaque pour un verre parfait Effet brillant immédiat sur le verre, les cristaux et les écrans LCD, même sur les surfaces recouvertes de films de noircissement. Prêt à l'emploi avec spray, convient aux voitures et aux camping-cars. Pouvoir purificateur élevé Parfum délicat et séchage rapide pour une expérience haut de gamme",500 ml,"1,61","5,03","2,93"
INTERIEUR / EXTERIEUR,,GLASS CLEANER DUAL 500 ML 6 PCS,H0909,https://doomzyx.github.io/MAFRASHOP-IMG/glasscleaner.webp,"Action dégraissante rapide pour des vitres brillantes en quelques secondes Sa formule anti-smog élimine la poussière, les résidus atmosphériques et les dépôts routiers. Aucune trace grâce à la mousse active qui capture la saleté Sans danger et sans ammoniaque, il n'attaque pas les plastiques, les joints ni les autres pièces du véhicule avec lesquelles il pourrait entrer en contact. Polyvalent, idéal pour les voitures, les motos, les camping-cars et les bateaux. Dégraissant : élimine les traces, les taches de graisse, les empreintes digitales et tout autre type de tache.",500 ml,"1,55","4,84","2,82"
INTERIEUR / EXTERIEUR,,GLASS CLEANER PLUS 750 ML 12 PZ DUAL TRIGGER,H1154,https://doomzyx.github.io/MAFRASHOP-IMG/glass-cleaner-plus.webp,"Élimine efficacement les saletés les plus tenaces Sans ammoniaque : sans danger pour une utilisation sur tous types de surfaces L'évaporation rapide garantit un verre sec en quelques secondes. Ne laisse aucune trace ni marque , pour une visibilité parfaitement claire Idéal pour : vitres, pare-brise, rétroviseurs et écrans LCD des systèmes de navigation Agréablement parfumé",750 ml,"1,50","4,69","2,73"
ACCESSOIRES,,HP 12 500 ML 6 PZ DUAL,H0879,https://doomzyx.github.io/MAFRASHOP-IMG/h12-500.webp,,500 ml,"2,22","6,94","4,04"
INTERIEUR,,HP 12 DUAL 4500 ML CART. 4 PCS,P0849,https://doomzyx.github.io/MAFRASHOP-IMG/hp12-4500.webp,"HP12 super concentré, le meilleur de la technologie Mafra appliquée au nettoyage moderne, est le plus innovant des dégraissants techniques universels. Puissant, rapide et polyvalent, il offre des performances imbattables sur tous les types de surfaces, en toute sécurité grâce à l'équilibre de son pH. Avec HP12, vous pouvez résoudre facilement et de manière extraordinairement efficace tout problème de dégraissage et de nettoyage complet intensif.",4500 ml,"13,56","42,38","24,65"
INTERIEUR / EXTERIEUR,,IDROSTOP SPRAY 300 ML 12 PCS,H0131,https://doomzyx.github.io/MAFRASHOP-IMG/idrostop.webp,"Effet hydrofuge immédiat contre l'eau et les liquides Protège les capots, les sièges et les tapis de sol de la saleté et des taches. Formulé à partir de technologies de protection nanotechnologiques N'altère ni la couleur ni la texture des tissus. Un seul aérosol suffit pour traiter au moins 6 m² de tissu. Protège les surfaces contre la saleté extérieure et les salissures accidentelles telles que les boissons et les huiles. Empêche les liquides de s'incruster sur les tissus, prévenant ainsi la formation de moisissures.",300 ml,"3,72","11,63","6,76"
EXTERIEUR,,KILLER DUAL 500 ML 6 PZ,H0847,https://doomzyx.github.io/MAFRASHOP-IMG/insectremover400.webp,"Élimine facilement les insectes , les moucherons, les moustiques et les résidus secs. Killer est spécifiquement conçu pour la carrosserie, les vitres, les phares, les pare-chocs et les cristaux. Prêt à l'emploi : flacon pulvérisateur de 500 ml pour un nettoyage rapide et pratique Action rapide : dissout les résidus en quelques secondes, les rendant facilement éliminables à l'aide d'un chiffon en microfibre ou d'un jet d'eau haute pression. Sûr : Convient à toutes les voitures Produit étudié dans les laboratoires Ma-Fra pour garantir une efficacité maximale sans risque",500 ml,"2,06","6,44","3,75"
EXTERIEUR,,KILLER PULIMOSCERINI 250 ML 24 PZ,H0569,https://doomzyx.github.io/MAFRASHOP-IMG/insectremover.webp,"Enlève les taches de mouches ou d'insectes sur la carrosserie de la voiture ; Il fonctionne en toute sécurité pour toutes les parties de la voiture ; Idéal également pour les pare-chocs, les vitres et les phares.",250 ml,"0,65","2,03","1,18"
EXTERIEUR,,LAST TOUCH 2.0 4500 ML 4 PZ,P0560,https://doomzyx.github.io/MAFRASHOP-IMG/lasttouchexpress4500.webp,"Le produit garantit une protection durable, intensifie la couleur et la brillance de la carrosserie et peut être utilisé en toute sécurité sur n'importe quelle surface extérieure. Traitement et protection de la carrosserie Pour une brillance longue durée",4500 ml,"15,37","48,03","27,94"
EXTERIEUR,,LAST TOUCH 2.0 EXPRESS DUAL 500 ML 6 PCS,H0854,https://doomzyx.github.io/MAFRASHOP-IMG/lasttouch2.0.webp,"Formule à base de cire de carnauba et de polymères synthétiques : garantit une protection optimale, polit, nettoie et protège en une seule étape. Effet hydrophobe avancé : scelle la peinture en créant une barrière contre l'eau, le smog, le sel, le calcaire et les résidus minéraux. Brillance intense : Réfraction lumineuse élevée pour des couleurs plus éclatantes et un fini miroir Application rapide et facile : utilisable sur surfaces sèches ou humides, sans traces et sans gaspillage d'eau. Convient à toutes les surfaces extérieures : sans danger pour la carrosserie, le verre, les plastiques, les joints et le chrome. Protection longue durée : préserve la brillance et la propreté de la carrosserie plus longtemps, même après la pluie et le lavage.",500 ml,"2,95","9,21","5,36"
ACCESSOIRES,,LOT 6 MICROFIBRE,O594,https://doomzyx.github.io/MAFRASHOP-IMG/chiffon-microfibre.webp,"Lot de 6 chiffons au format 60x40 cm microfibres technologiques haute performance Polyvalent : très utile pour de nombreuses applications Adapté aux travaux intensifs tels que le nettoyage du compartiment moteur ou l'élimination de saletés tenaces, de résine et de colle. Haute résistance à l'usure au fil du temps Microfibres hautement absorbantes pour un séchage rapide Il peut être utilisé pour le nettoyage intérieur : il agit en profondeur et élimine les molécules de saleté.",,"7,78","24,31","14,14"
EXTERIEUR,,LUBRIGRAPH 600 ML 12 PCS,H0252,https://doomzyx.github.io/MAFRASHOP-IMG/lubrigraph.webp,Performances trois fois supérieures à celles du graphite noir traditionnel Il ne durcit pas et reste huileux au fil du temps. Protège durablement les parties traitées Pouvoir lubrifiant équivalent à celui de graisses spécifiques du marché Résistant au lavage à l'eau haute pression Sans substances bitumineuses pour un environnement plus propre,600 ml,"4,35","13,59","7,91"
ACCESSOIRES,,LUBRIMAX SPRAY 500 ML 6 PZ,H0792,https://doomzyx.github.io/MAFRASHOP-IMG/lubrimax.webp,"Adhésion ultra forte et pénétration profonde Nouvelle technologie chimique : elle se transforme d'un liquide, pour une pénétration parfaite dans les composants mécaniques, en un gel qui adhère aux parties traitées. Excellente fluidité des engrenages et des mécanismes Elle garantit une grande douceur Résistant au lavage et aux agents chimiques et salins Il ne goutte pas et ne fait pas de dégâts. Excellent isolant pour les bornes de batterie Il résiste aux hautes températures et aux fortes oscillations mécaniques.",500 ml,"4,58","14,31","8,32"
ACCESSOIRES,,"LUCKY STAR ""AQUACOOL"" 24 PCS",H0235,https://doomzyx.github.io/MAFRASHOP-IMG/luckystaraquacool.webp,Design exclusif : forme élégante et moderne Ajustement de l'essence : parfum personnalisé d'un simple geste Multi-usage : idéal pour les voitures et les petits espaces domestiques Installation rapide : suspendez-le et profitez immédiatement de l'arôme.,6 ml,"0,60","1,88","1,09"
ACCESSOIRES,,"LUCKY STAR ""FROZEN STRAWBERRY"" 24 PCS",H0232,https://doomzyx.github.io/MAFRASHOP-IMG/luckystarfrozenstrawberry.webp,Design exclusif : forme élégante et moderne Ajustement de l'essence : parfum personnalisé d'un simple geste Multi-usage : idéal pour les voitures et les petits espaces domestiques Installation rapide : suspendez-le et profitez immédiatement de l'arôme.,500 ml,"0,60","1,88","1,09"
ACCESSOIRES,,"LUCKY STAR ""GREEN APPLE"" 24 PCS",H0223,https://doomzyx.github.io/MAFRASHOP-IMG/luckystargreenapple.webp,Design exclusif : forme élégante et moderne Ajustement de l'essence : parfum personnalisé d'un simple geste Multi-usage : idéal pour les voitures et les petits espaces domestiques Installation rapide : suspendez-le et profitez immédiatement de l'arôme.,2 ml,"0,60","1,88","1,09"
ACCESSOIRES,,"LUCKY STAR ""LAVENDER"" 24 PCS",H0224,https://doomzyx.github.io/MAFRASHOP-IMG/luckystarlavender.webp,Design exclusif : forme élégante et moderne Ajustement de l'essence : parfum personnalisé d'un simple geste Multi-usage : idéal pour les voitures et les petits espaces domestiques Installation rapide : suspendez-le et profitez immédiatement de l'arôme.,2 ml,"0,60","1,88","1,09"
ACCESSOIRES,,"LUCKY STAR ""MAGIC NIGHT"" 24 PCS",H0226,https://doomzyx.github.io/MAFRASHOP-IMG/luckystar.webp,Design exclusif : forme élégante et moderne Ajustement de l'essence : parfum personnalisé d'un simple geste Multi-usage : idéal pour les voitures et les petits espaces domestiques Installation rapide : suspendez-le et profitez immédiatement de l'arôme.,2 ml,"0,60","1,88","1,09"
ACCESSOIRES,,"LUCKY STAR ""VANILLA"" 24 PCS",H0237,https://doomzyx.github.io/MAFRASHOP-IMG/luckystarvanilla.webp,Design exclusif : forme élégante et moderne Ajustement de l'essence : parfum personnalisé d'un simple geste Multi-usage : idéal pour les voitures et les petits espaces domestiques Installation rapide : suspendez-le et profitez immédiatement de l'arôme.,3 ml,"0,60","1,88","1,09"
INTERIEUR,,MAFRAPAV DEGREASER 20 KG COMUNITA'-HO.RE.CA,P0779,https://doomzyx.github.io/MAFRASHOP-IMG/MAFRAPAV.webp,"MAFRAPAV DEGREASER est un liquide concentré spécial à mousse retenue pour le nettoyage des sols dans les salles d'exposition de voitures, les cuisines de restaurants, les cantines et les supermarchés. Il élimine les salissures les plus tenaces et peut être utilisé à la fois manuellement et avec des machines à laver les sols. Il laisse un parfum agréable à chaque application. Le produit n'endommage pas les pièces en aluminium ni les pompes d'aspiration à l'intérieur des autolaveuses.",20 KG,"1,43","4,47","2,60"
ACCESSOIRES,,MAFRASOL 2.0 25 KG,P0145,https://doomzyx.github.io/MAFRASHOP-IMG/mafrasol2.0.webp,"Décompose la saleté : sa formule à base de tensioactifs est capable de décomposer tous types de saletés, y compris la graisse, l'huile, le diesel, le smog incrusté ou le carbone. Idéal pour le nettoyage : voitures, motos, camions, moteurs, machines industrielles Polyvalent : il est utilisé pour le nettoyage des excavatrices, des conteneurs, des réservoirs, des tours, des moteurs, des pièces mécaniques et de toutes les surfaces nécessitant une propreté maximale. Dans le secteur du lavage automobile : élimine le film routier et les halos qui se forment sur les voitures de couleur claire Formule concentrée pour des dilutions de 1:5 à 1:55 Polyvalent sur voitures, camions, excavatrices, conteneurs et machines Suppression des traces de ruissellement et des halos sur la carrosserie Convient pour le nettoyage des sols, des hottes de four, des grilles et de toutes les surfaces nécessitant une puissance de nettoyage maximale. Rinçage rapide et sûr sans laisser de résidus",25 KG,"1,48","4,63","2,69"
ACCESSOIRES,,MANIBEL PASTA EVO 1000 ML 12 PZ,H0991,https://doomzyx.github.io/MAFRASHOP-IMG/pole-position1000.webp,Nettoie les mains grasses et sales de la graisse Excellentes propriétés émollientes Laisse la peau douce et agréablement parfumée,1000 ml,"1,95","6,09","3,54"
ACCESSOIRES,,MANIBEL PASTA EVO 4000 ML 4 PZ,H0992,https://doomzyx.github.io/MAFRASHOP-IMG/pole-position4KG.webp,Nettoie les mains grasses et sales de la graisse Excellentes propriétés émollientes Laisse la peau douce et agréablement parfumée,4000 ml,"6,50","20,31","11,82"
EXTERIEUR,,METAL CAR SPRAY 500 ML 6 PZ,H0795,https://doomzyx.github.io/MAFRASHOP-IMG/metalcar.webp,Brillance instantanée Fabriqué à partir de cires synthétiques à haute adhérence Polit et protège avec une grande facilité et en deux fois moins de temps qu'un produit traditionnel. Fabriqué à partir de cires synthétiques à haute adhérence Formule à base d'eau : fonctionne même si la carrosserie n'est pas parfaitement sèche. Doux pour les plastiques : sans effet blanchissant Effet soyeux facilitant le glissement de la saleté Protège la peinture du smog et de la saleté Ne contient aucun abrasif Il peut être utilisé sur tout type de peinture,500 ml,"2,74","8,55","4,98"
EXTERIEUR,,METALCREM 250 ML 12 PZ,H0181,https://doomzyx.github.io/MAFRASHOP-IMG/metalcream.webp,"Formule sans abrasifs pour une finition sûre et brillante Restaure la brillance et la couleur d'origine de la peinture Contient des cires synthétiques à haute adhérence pour une protection longue durée Ne laisse aucun résidu Ne blanchit pas les surfaces plastiques extérieures de la voiture, préservant ainsi leur aspect d'origine. Crée un film brillant longue durée Application facile grâce à l'applicateur et au chiffon en microfibre fournis. Disponible en format 250 ml : permet de réaliser 2 à 3 traitements sur des voitures de taille moyenne.",250 ml,"2,97","9,28","5,40"
EXTERIEUR,,NERISSIMO 12 KG on deman 20/25 days,PB194,https://doomzyx.github.io/MAFRASHOP-IMG/nerissimo.webp,"Il polit, revitalise et assouplit tous les types de pneus ; Protège contre les fissures et les intempéries ; Grâce à sa formulation spéciale, le produit est non gras et non collant.",12 ml,"3,20","10,00","5,82"
EXTERIEUR,,NETTOYANT JANTE ET PNEU 500ML,H0882,https://doomzyx.github.io/MAFRASHOP-IMG/Nettoyant-jante_et-pneu.webp,"Produit 2 en 1 : agit sur les jantes et les pneus en une seule étape ; Puissant : dissout tout type de saleté, même les plus tenaces ; Sûr : Peut être utilisé sur tout type de jante en alliage Mousse active : adhère aux surfaces verticales et dissout les saletés tenaces, pour un nettoyage simple et sûr sans risque d'endommager les jantes et les pneus de votre voiture. Alloy Safe : Compatible avec toutes les jantes en alliage Protection anti-âge : préserve l'élasticité et la couleur des pneus Formulation prête à l'emploi Ne convient pas aux jantes en aluminium, anodisées et de moto.",500 ml,"2,18","6,81","3,96"
EXTERIEUR,,NOUVEAU NOIR 500 ML 6 PZ DUAL,H0889,https://doomzyx.github.io/MAFRASHOP-IMG/newblack.webp,"Formule éco-durable , sans phosphates pour un impact environnemental réduit et utilisant des ingrédients de polissage à base de plantes hautement biodégradables, réduisant ainsi l'impact environnemental sans compromettre l'efficacité ; Une brillance naturelle et durable, pour un look impeccable à chaque fois. Protection anti-gerçures et maintien de l'élasticité Prêt à l'emploi , application rapide et uniforme à l'éponge ou au pinceau Les bénéfices sont visibles au fil du temps et la couleur retrouve immédiatement un aspect naturel.",500 ml,"2,16","6,75","3,93"
EXTERIEUR,,ODORBACT OUT TALC SPRAY 150 ML 24 PCS,H0120,https://doomzyx.github.io/MAFRASHOP-IMG/odorbact.webp,Répare les crevaisons des pneus tubeless et des chambres à air Convient pour réparer toute perforation Portable : se range dans n'importe quel sac ou compartiment sous un siège Application simple et immédiate en quelques secondes Permet de redémarrer en toute sécurité jusqu'à une vitesse maximale de 40 km/h. Idéal pour les urgences en cours de route Ne convient pas aux pneus équipés de valves TPMS.,300 ml,"4,02","12,56","7,31"
ACCESSOIRES,,POLE FLUID 3000 ML 6 PCS,H0133,https://doomzyx.github.io/MAFRASHOP-IMG/https://doomzyx.github.io/MAFRASHOP-IMG/polefluid4000.webp,"Élimine même les saletés les plus tenaces et résistantes Idéal pour les secteurs industriel, automobile et du bricolage Formule à base de tensioactifs végétaux associés à un abrasif inerte micronisé Elle agit en profondeur sans irriter la peau. Distributeur inclus pour un dosage pratique et sans gaspillage. Compatibilité cutanée testée dermatologiquement",3000 ml,"11,10","34,69","20,18"
ACCESSOIRES,,POLE POSITION 1000 ML 12 PZ,H0158,https://doomzyx.github.io/MAFRASHOP-IMG/poleposition1000.webp,"Formule écologique naturelle à base de savons et de tensioactifs végétaux et d'aloe vera Compatibilité cutanée testée dermatologiquement Élimine la graisse, l'huile et les saletés tenaces en quelques étapes seulement, même sur les ongles. Parfait pour une utilisation quotidienne dans les ateliers, les garages et les carrosseries. Laisse les mains propres, fraîches et parfumées. Facile à utiliser",1000 ml,"2,60","8,13","4,73"
ACCESSOIRES,,POLE POSITION 4000 ML 4 PZ,H0212,https://doomzyx.github.io/MAFRASHOP-IMG/poleposition4kg.webp,"Formule écologique naturelle à base de savons et de tensioactifs végétaux et d'aloe vera Compatibilité cutanée testée dermatologiquement Élimine la graisse, l'huile et les saletés tenaces en quelques étapes seulement, même sur les ongles. Parfait pour une utilisation quotidienne dans les ateliers, les garages et les carrosseries. Laisse les mains propres, fraîches et parfumées. Facile à utiliser",4000 ml,"9,30","29,06","16,91"
EXTERIEUR,,POLISH CLEVER 250 GR. 12 PZ,HN041,https://doomzyx.github.io/MAFRASHOP-IMG/polishclever.webp,"Finition miroir : élimine les résidus de cire et laisse la carrosserie exempte de rayures et de traces. Finition brillante et professionnelle Élimine les rayures et les taches , restaurant la couleur d'origine Fort pouvoir régénérateur contre l'oxydation et les agents atmosphériques Application manuelle simple et immédiate avec le coussinet en microfibre Élimine les signes de vieillissement et les halos disgracieux Restaure la couleur vive d'origine de la carrosserie$",250 ml,"3,07","9,59","5,58"
EXTERIEUR,,POLISH EXPRESS 250 ML KIT + SPONGE 6 PCS,H0420,https://doomzyx.github.io/MAFRASHOP-IMG/kit-polish-express.webp,"Le premier produit de polissage s'utilise comme un shampoing : il nettoie et scelle les pores de la carrosserie ; 4 Effets Nanotech : Effet poli, effet essuie-glace liquide, effet miroir et effet soie ; Effet poli : pour une brillance inimitable ; Effet essuie-glace liquide : sécurité maximale en cas de pluie ; Effet miroir : redonne à la carrosserie son aspect d'origine ; Effet soie : pour une texture douce et fluide au toucher ; Protection jusqu'à 6 semaines : protège la carrosserie et les vitres ; Une bouteille suffit pour laver 5 voitures ; Conditionné dans un flacon pratique avec instructions de dilution Kit comprenant : un flacon de 250 ml de Polish Express et une éponge",250 ml,"4,21","13,16","7,65"
EXTERIEUR,,POLISH EXPRESS DUAL 4500 ML 4 PZ,P0594,https://doomzyx.github.io/MAFRASHOP-IMG/polish4500.webp,"Shampoing nanotechnologique ; Le premier produit de polissage qui s'utilise comme un shampoing ; EFFET POLISSAGE, pour un éclat inimitable ; EFFET THERMIQUE CHIMIQUE SUPRÊME, pour une sécurité maximale par temps de pluie ; EFFET MIROIR, pour donner à votre voiture le même aspect qu'à l'achat ; EFFET SOIE, pour une carrosserie vraiment lisse et fluide au toucher et une surface plus propre au fil du temps.",4500 ml,"29,76","93,00","54,10"
INTERIEUR,,PULIMAX 25 KG,P0218,https://doomzyx.github.io/MAFRASHOP-IMG/pulimax125.webp,"Nettoie en profondeur les tissus, le ski et les plastiques sans laisser de traces. Ravive les couleurs ternies et redonne de l'éclat aux sièges. Ce puissant désodorisant élimine les odeurs les plus tenaces. Pulvérisateur réglable pour un dosage précis et des économies de produit Polyvalent, idéal pour le plastique, le tissu, le vinyle et les tapis. Idéal pour les saletés tenaces",25 KG,"1,72","5,38","3,13"
INTERIEUR,,PULIMAX 150 ML 12 PCS,SH004,https://doomzyx.github.io/MAFRASHOP-IMG/pulimax400.webp,"Nettoie en profondeur les tissus, le ski et les plastiques sans laisser de traces. Ravive les couleurs ternies et redonne de l'éclat aux sièges. Ce puissant désodorisant élimine les odeurs les plus tenaces. Pulvérisateur réglable pour un dosage précis et des économies de produit Polyvalent, idéal pour le plastique, le tissu, le vinyle et les tapis. Idéal pour les saletés tenaces",150 ml,"1,17","3,66","2,13"
INTERIEUR,,PULIMAX 2.0 25 KG,P1282,https://doomzyx.github.io/MAFRASHOP-IMG/pulimax4500.webp,"Nettoie en profondeur les tissus, le ski et les plastiques sans laisser de traces. Ravive les couleurs ternies et redonne de l'éclat aux sièges. Ce puissant désodorisant élimine les odeurs les plus tenaces. Pulvérisateur réglable pour un dosage précis et des économies de produit Polyvalent, idéal pour le plastique, le tissu, le vinyle et les tapis. Idéal pour les saletés tenaces",25 KG,"1,87","5,84","3,40"
INTERIEUR,,PULIMAX 2.0 4500 ML CART. 4 PZ DUAL,P0494,https://doomzyx.github.io/MAFRASHOP-IMG/pulimax2.0-25kg.webp,"Nettoie en profondeur les tissus, le ski et les plastiques sans laisser de traces. Ravive les couleurs ternies et redonne de l'éclat aux sièges. Ce puissant désodorisant élimine les odeurs les plus tenaces. Pulvérisateur réglable pour un dosage précis et des économies de produit Polyvalent, idéal pour le plastique, le tissu, le vinyle et les tapis. Idéal pour les saletés tenaces",2 ml,"9,92","31,00","18,03"
INTERIEUR,,PULIMAX 500 ML 6 PZ DUAL,H0841,https://doomzyx.github.io/MAFRASHOP-IMG/pulimax400.webp,"Nettoie en profondeur les tissus, le ski et les plastiques sans laisser de traces. Ravive les couleurs ternies et redonne de l'éclat aux sièges. Ce puissant désodorisant élimine les odeurs les plus tenaces. Pulvérisateur réglable pour un dosage précis et des économies de produit Polyvalent, idéal pour le plastique, le tissu, le vinyle et les tapis. Idéal pour les saletés tenaces",500 ml,"1,86","5,81","3,38"
INTERIEUR,,PULIMOQUETTES OXYGEN 25 KG,P0716,https://doomzyx.github.io/MAFRASHOP-IMG/pulimoquette25kg.webp,"Spécifique aux machines d'extraction ; Nettoyant concentré innovant pour un nettoyage en profondeur et en douceur de tous les types de tissus, velours et tapis ; Il peut être utilisé en toute sécurité sur des matériaux délicats et colorés ; Il est composé de microcapsules à libération graduelle, de minuscules sphères à parois fines qui libèrent le parfum par diffusion ou par rupture lors de l'écrasement, ou par contact avec les tapis ;",25 KG,"1,82","5,69","3,31"
INTERIEUR,,PULIMOQUETTES OXYGEN 4500 ML 4 PZ DUAL,P0704,https://doomzyx.github.io/MAFRASHOP-IMG/pulimoquette25kg.webp,"Spécifique aux machines d'extraction ; Nettoyant concentré innovant pour un nettoyage en profondeur et en douceur de tous les types de tissus, velours et tapis ; Il peut être utilisé en toute sécurité sur des matériaux délicats et colorés ; Il est composé de microcapsules à libération graduelle, de minuscules sphères à parois fines qui libèrent le parfum par diffusion ou par rupture lors de l'écrasement, ou par contact avec les tapis ;",4500 ml,"9,85","30,78","17,91"
INTERIEUR,,SCIC BLUE SPRAY 600 ML 24 PZ OVEST,H0045,https://doomzyx.github.io/MAFRASHOP-IMG/scicblue.webp,"Effet brillant moyen , non gras et élégant. Élimine la poussière, laissant les surfaces propres et soyeuses. Zéro reflet : ne provoque aucun reflet gênant sur le pare-brise pendant la conduite. Donne aux parties traitées brillance et douceur Application rapide avec chiffon en microfibre Format 600 ml et 200 ml",200 ml / 600 ml,"2,30","7,19","4,18"
INTERIEUR,,SCIC GREEN SPRAY 600 ML 24 PZ OVEST,H0044,https://doomzyx.github.io/MAFRASHOP-IMG/scicgreen.webp,,600 ml,"2,30","7,19","4,18"
INTERIEUR,,SCIC ORANGE SPRAY 600 ML 24 PZ OVEST,H0043,https://doomzyx.github.io/MAFRASHOP-IMG/scicorange.webp,Fini semi-brillant sans traces : polit les plastiques de votre voiture sans laisser de film gras ni de reflets sur le pare-brise. Formule antistatique : réduit l’accumulation de poussière et garde le tableau de bord propre plus longtemps. Protection anti-fissures : préserve les plastiques au fil du temps. Spécialement conçu pour les boiseries. Application rapide et facile. Parfum d’orange : rafraîchit l’atmosphère de votre habitacle. Format 600 ml.,600 ml,"2,30","7,19","4,18"
EXTERIEUR,,SHAMPOO POWER DUAL 1000 ML 6 PCS,H0779,https://doomzyx.github.io/MAFRASHOP-IMG/shampoopower.webp,"Concentré : 30 lavages avec un seul flacon Sans traces : ne laisse aucune trace ni bavure après rinçage. Sans danger : idéal pour les peintures mates et les films de covering Niveau élevé de mousse Facile à rincer : garantit des économies d'eau importantes. Dosage simple : un bouchon par litre ou 5 bouchons pour 5 litres. Sans danger pour toutes les parties traitées , même les plus délicates.",1000 ml,"2,05","6,41","3,73"
EXTERIEUR,,SPLENDORLEGA 500 ML 6 PZ DUAL,H0871,https://doomzyx.github.io/MAFRASHOP-IMG/splendorlega.webp,"Pouvoir dégraissant élevé : élimine rapidement la poussière de frein et les saletés incrustées Protection totale : redonne à la jante son éclat d'origine, assurant sa préservation complète sans risque de corrosion ni d'abrasion. Prêt à l'emploi avec nébuliseur, sans dilution. Compatible avec les enjoliveurs en alliage, magnésium, acier et plastique Ne pas utiliser sur des jantes en aluminium anodisé ; Pratique et facile à utiliser grâce à son diffuseur de spray pratique.",500 ml,"2,00","6,25","3,64"
INTERIEUR / EXTERIEUR,,SPLIT 25 LT,PB139,https://doomzyx.github.io/MAFRASHOP-IMG/split25kg.webp,"Mousse active qui dissout les graisses, le smog et les résidus de fumée Formule sans ammoniaque, sans danger pour le verre et le cristal Un parfum agréable pour des surfaces toujours fraîches Ne contient pas d'ammoniaque Finition impeccable, sans traces ni bavures.",25 KG,"1,14","3,56","2,07"
INTERIEUR / EXTERIEUR,,SPLIT 4500 ML DUAL CART. 4 PZ,P0496,https://doomzyx.github.io/MAFRASHOP-IMG/split400.webp,"Mousse active qui dissout les graisses, le smog et les résidus de fumée Formule sans ammoniaque, sans danger pour le verre et le cristal Un parfum agréable pour des surfaces toujours fraîches Ne contient pas d'ammoniaque Finition impeccable, sans traces ni bavures.",4500 ml,"6,18","19,31","11,24"
ACCESSOIRES,,SPLIT 750 ML 12 PZ DUAL TRIGGER,H1153,https://doomzyx.github.io/MAFRASHOP-IMG/split400.webp,"Nouvelle formule : tensioactifs 100 % d'origine végétale ; Doux pour : écrans LCD, cuir, plastique, carbone, céramique, surfaces laquées, miroirs et cristal, bois ; Nettoie et dégraisse sans laisser de traces et ne nécessite pas de rinçage. pH neutre pour protéger les matériaux et peintures sensibles Spray ergonomique pour une application rapide et uniforme Il combine un pouvoir dégraissant avec une action nettoyante efficace Utilisation : Intérieur de voiture, nettoyage de la cuisine, nettoyage de la salle de bain, ameublement de la maison et du bureau Ne contient aucun produit chimique nocif comme les phtalates, les phosphates, le chlore et l'ammoniaque",750 ml,"1,68","5,26","3,06"
ACCESSOIRES,,SUPER MAFRASOL 12 KG,P0269,https://doomzyx.github.io/MAFRASHOP-IMG/supermafrasol25kg.webp,"Décompose la saleté : sa formule à base de tensioactifs est capable de décomposer tous types de saletés, y compris la graisse, l'huile, le diesel, le smog incrusté ou le carbone. Idéal pour le nettoyage : voitures, motos, camions, moteurs, machines industrielles Polyvalent : il est utilisé pour le nettoyage des excavatrices, des conteneurs, des réservoirs, des tours, des moteurs, des pièces mécaniques et de toutes les surfaces nécessitant une propreté maximale. Dans le secteur du lavage automobile : élimine le film routier et les halos qui se forment sur les voitures de couleur claire Formule concentrée pour des dilutions de 1:5 à 1:55 Polyvalent sur voitures, camions, excavatrices, conteneurs et machines Suppression des traces de ruissellement et des halos sur la carrosserie Convient pour le nettoyage des sols, des hottes de four, des grilles et de toutes les surfaces nécessitant une puissance de nettoyage maximale. Rinçage rapide et sûr sans laisser de résidus",12 KG,"2,50","7,81","4,55"
ACCESSOIRES,,SUPER MAFRASOL 25 KG,P0270,https://doomzyx.github.io/MAFRASHOP-IMG/supermafrasol25kg.webp,"Décompose la saleté : sa formule à base de tensioactifs est capable de décomposer tous types de saletés, y compris la graisse, l'huile, le diesel, le smog incrusté ou le carbone. Idéal pour le nettoyage : voitures, motos, camions, moteurs, machines industrielles Polyvalent : il est utilisé pour le nettoyage des excavatrices, des conteneurs, des réservoirs, des tours, des moteurs, des pièces mécaniques et de toutes les surfaces nécessitant une propreté maximale. Dans le secteur du lavage automobile : élimine le film routier et les halos qui se forment sur les voitures de couleur claire Formule concentrée pour des dilutions de 1:5 à 1:55 Polyvalent sur voitures, camions, excavatrices, conteneurs et machines Suppression des traces de ruissellement et des halos sur la carrosserie Convient pour le nettoyage des sols, des hottes de four, des grilles et de toutes les surfaces nécessitant une puissance de nettoyage maximale. Rinçage rapide et sûr sans laisser de résidus",25 KG,"2,28","7,13","4,15"
ACCESSOIRES,,SUPER MAFRASOL 6 KG,P0268,https://doomzyx.github.io/MAFRASHOP-IMG/supermafrasol25kg.webp,"Décompose la saleté : sa formule à base de tensioactifs est capable de décomposer tous types de saletés, y compris la graisse, l'huile, le diesel, le smog incrusté ou le carbone. Idéal pour le nettoyage : voitures, motos, camions, moteurs, machines industrielles Polyvalent : il est utilisé pour le nettoyage des excavatrices, des conteneurs, des réservoirs, des tours, des moteurs, des pièces mécaniques et de toutes les surfaces nécessitant une propreté maximale. Dans le secteur du lavage automobile : élimine le film routier et les halos qui se forment sur les voitures de couleur claire Formule concentrée pour des dilutions de 1:5 à 1:55 Polyvalent sur voitures, camions, excavatrices, conteneurs et machines Suppression des traces de ruissellement et des halos sur la carrosserie Convient pour le nettoyage des sols, des hottes de four, des grilles et de toutes les surfaces nécessitant une puissance de nettoyage maximale. Rinçage rapide et sûr sans laisser de résidus",6 KG,"2,75","8,59","5,00"
ACCESSOIRES,,SUPERMAFRASOL FR/ENG 900 ML 12 PZ,H0552,https://doomzyx.github.io/MAFRASHOP-IMG/supermafrasol900.webp,"Décompose la saleté : sa formule à base de tensioactifs est capable de décomposer tous types de saletés, y compris la graisse, l'huile, le diesel, le smog incrusté ou le carbone. Idéal pour le nettoyage : voitures, motos, camions, moteurs, machines industrielles Polyvalent : il est utilisé pour le nettoyage des excavatrices, des conteneurs, des réservoirs, des tours, des moteurs, des pièces mécaniques et de toutes les surfaces nécessitant une propreté maximale. Dans le secteur du lavage automobile : élimine le film routier et les halos qui se forment sur les voitures de couleur claire Formule concentrée pour des dilutions de 1:5 à 1:55 Polyvalent sur voitures, camions, excavatrices, conteneurs et machines Suppression des traces de ruissellement et des halos sur la carrosserie Convient pour le nettoyage des sols, des hottes de four, des grilles et de toutes les surfaces nécessitant une puissance de nettoyage maximale. Rinçage rapide et sûr sans laisser de résidus",900 ml,"3,23","10,09","5,87"
ACCESSOIRES,,SVITING RAPID SPRAY 500 ML 6 PCS,H0863,https://doomzyx.github.io/MAFRASHOP-IMG/sviting400.webp,"Action pénétrante instantanée Élimine rapidement la rouille des vis et des boulons Il élimine les résidus ferreux et tout type d'impuretés. Lubrifie et facilite le glissement des pièces bloquées Protège contre la corrosion , prolongeant ainsi la durée de vie des composants N'endommage pas les pièces en caoutchouc ou peintes",500 ml,"2,95","9,21","5,36"
INTERIEUR,,TRAITEMENT 3/1 PLASTIQUE,H0878,https://doomzyx.github.io/MAFRASHOP-IMG/nettoyantplastique.webp,"Produit 3 en 1 : nettoie, ravive et protège Nettoyage en profondeur des tableaux de bord, des joints et des garde-boue Ravive les plastiques grâce à une formule enrichie en cire d'abeille Protection anti-UVA pour prévenir le vieillissement des plastiques Effet antistatique pour des surfaces toujours propres Finition naturelle et douce au toucher Application rapide grâce au spray prêt à l'emploi",150 ml / 500 ml / 4500 ml,"2,80","8,75","5,09"
INTERIEUR,,TRAITEMENT 3/1 TISSUS 500ML,H0887,https://doomzyx.github.io/MAFRASHOP-IMG/traitementtissus3en1.webp,"Ravive les couleurs des tissus, du velours et de l'Alcantara®. Mousse active pour éliminer efficacement toutes les taches : facilite l'élimination des saletés des fibres Formule en spray qui ne mouille pas et ne laisse pas de traces. Application rapide Enlève les taches des tissus d'ameublement, des tapis et des moquettes.",500 ml,"2,15","6,72","3,91"
INTERIEUR,,TRAITEMENT CUIR 500ML,H0848,https://doomzyx.github.io/MAFRASHOP-IMG/nettoyantcuir.webp,"Produit 3 en 1 : idéal pour nettoyer, nourrir et protéger les surfaces en cuir. Préserve la souplesse, la couleur et l'aspect d'origine du cuir Prévient la formation de rides et de craquelures Nettoie en profondeur : grâce au mélange de détergents Nourrit en profondeur grâce à l'action de l'aloe vera et des cires naturelles. Ravive les sièges et tous les inserts en cuir Il laisse un arôme frais qui parfume l'habitacle. Idéal pour le nettoyage fréquent des surfaces en cuir",500 ml,"2,87","8,97","5,22"
EXTERIEUR,,ULTRAKAL G2 25 KG,P0608,https://doomzyx.github.io/MAFRASHOP-IMG/ultrakal.webp,"Produit concentré à très haut rendement ; Élimine les incrustations de sels de calcium, de magnésium, de silice, les dépôts d'oxydes et de sulfures de fer, les résidus de ciment et de mortier ; Idéal pour le nettoyage et le décapage des véhicules, des réservoirs en acier inoxydable, des hayons en aluminium, des conteneurs et des caisses mobiles circulant avec un système combiné route+rail, le nettoyage des sols et des carrelages dans les tunnels de lavage et les piscines.",25 KG,"1,68","5,25","3,05"
EXTERIEUR,,WATERLESS 750ML,H1158,https://doomzyx.github.io/MAFRASHOP-IMG/waterless.webp,Nettoyage à sec Formule lubrifiée Ne laisse ni rayures ni traces.,750 ml,"2,92","9,13","5,31"
EXTERIEUR,,WHITE SCHIUMA ATTIVA 4G 25 KG best selection,P0505,https://doomzyx.github.io/MAFRASHOP-IMG/whiteschiumaattiva.webp,Agent moussant à pH acide pour le lavage des tunnels. Produit très émollient et facilement rinçable Permet d'éliminer les résidus alcalins de la première phase de prélavage Indispensable dans les tunnels où l'on utilise de l'eau recyclée et/ou osmosée dans les étapes de pré-cirage.,4500 ml,"1,42","4,44","2,58"
ACCESSOIRES,,WIPES CRUSCOTTI SATINATO 12 PZ green,H0379,https://doomzyx.github.io/MAFRASHOP-IMG/wipessatingreen.webp,,,"1,23","3,84","2,24"
ACCESSOIRES,,WIPES CRUSCOTTO LUCIDO 12 PZ violet,H0378,https://doomzyx.github.io/MAFRASHOP-IMG/wipespurple.webp,"Lingettes brillantes Lingettes nettoyantes pour tableau de bord Wipes Shine à effet brillant Maison Intérieurs Lingettes brillantes Intérieurs Lingettes brillantes Lingettes jetables pour tableaux de bord et plastiques brillants et protégés Paquet compact de 20 lingettes jetables à structure alvéolaire Ils redonnent éclat et clarté aux plastiques et tableaux de bord ternis. Ils créent un bouclier protecteur contre la poussière 30 % de solution nettoyante en plus que les lingettes traditionnelles Idéal pour éliminer facilement la saleté et la poussière, sans graisser les surfaces. Diffuse un parfum agréable et frais dans l'habitacle. Pour prolonger la durée de vie des lingettes jetables, refermez bien l'emballage après utilisation.",,"1,23","3,84","2,24"
ACCESSOIRES,,WIPES VETRI 12 PZ blue,H0377,https://doomzyx.github.io/MAFRASHOP-IMG/wipesblue.webp,"Paquet compact de 20 lingettes jetables à structure alvéolaire Fabriqué en microfibre poreuse Idéal pour enlever la saleté et la poussière des écrans en verre et LCD. 30 % de solution nettoyante pour vitres en plus que les lingettes traditionnelles Laisse un parfum agréable et propre ainsi qu'une sensation de fraîcheur. Un ensemble pratique à toujours garder dans la voiture Pour prolonger la durée de vie des lingettes jetables, refermez bien l'emballage après utilisation.",,"1,23","3,84","2,24"